"id","floorId","type","profileId","enabled","locked","worldX","worldY","installationType","mountingHeight","orientation","coverageRadius","reliableRadius","marginalRadius","edgeId","edgeOffset","nodeId","installationStatus","notes"
"beacon-1","floor-1","Anchor","iw-ceiling","true","false","56","9","Ceiling","3","","6","6","8","","","entrance","Planned",""
"beacon-2","floor-1","Anchor","iw-ceiling","true","false","56","18","Ceiling","3","","6","6","8","","","food","Planned",""
"beacon-3","floor-1","Anchor","iw-ceiling","true","false","56","31","Ceiling","3","","6","6","8","","","atrium","Planned",""
"beacon-4","floor-1","Anchor","iw-ceiling","true","false","56","66","Ceiling","3","","6","6","8","","","lift","Planned",""
"beacon-5","floor-1","Navigation","iw-ceiling","true","false","42","31","Ceiling","3","","6","6","8","","","west","Planned",""
"beacon-6","floor-1","Anchor","iw-ceiling","true","false","70","31","Ceiling","3","","6","6","8","","","exit","Planned",""
"beacon-7","floor-1","Navigation","iw-ceiling","false","false","56","16.1","Ceiling","3","","6","6","8","entry-food","7.100000000000001","","Planned",""
"beacon-8","floor-1","Navigation","iw-ceiling","true","false","56","24.5","Ceiling","3","","6","6","8","food-atrium","6.5","","Planned",""
"beacon-9","floor-1","Navigation","iw-ceiling","true","false","56","36.833333333333336","Ceiling","3","","6","6","8","atrium-lift","5.833333333333333","","Planned",""
"beacon-10","floor-1","Navigation","iw-ceiling","true","false","56","42.666666666666664","Ceiling","3","","6","6","8","atrium-lift","11.666666666666666","","Planned",""
"beacon-11","floor-1","Navigation","iw-ceiling","true","false","56","48.5","Ceiling","3","","6","6","8","atrium-lift","17.5","","Planned",""
"beacon-12","floor-1","Navigation","iw-ceiling","true","false","56","54.33333333333333","Ceiling","3","","6","6","8","atrium-lift","23.333333333333332","","Planned",""
"beacon-13","floor-1","Navigation","iw-ceiling","true","false","56","60.16666666666667","Ceiling","3","","6","6","8","atrium-lift","29.166666666666668","","Planned",""
"beacon-14","floor-1","Navigation","iw-ceiling","true","false","51.333333333333336","31","Ceiling","3","","6","6","8","atrium-west","4.666666666666667","","Planned",""
"beacon-15","floor-1","Navigation","iw-ceiling","true","false","46.666666666666664","31","Ceiling","3","","6","6","8","atrium-west","9.333333333333334","","Planned",""
"beacon-16","floor-1","Navigation","iw-ceiling","true","false","60.666666666666664","31","Ceiling","3","","6","6","8","atrium-exit","4.666666666666667","","Planned",""
"beacon-17","floor-1","Navigation","iw-ceiling","true","false","65.33333333333333","31","Ceiling","3","","6","6","8","atrium-exit","9.333333333333334","","Planned",""